customer_id,full_name,phone_number,loyalty_points
1,Shaun Runolfsdottir,0623685303,573
2,Alfonso Willms,0280389688,338
3,June Abernathy-Runolfsson I,0894303920,801
4,Lindsey Wiza-Stokes,0278295166,48
5,Laverne Flatley,0643190539,828
6,Owen Considine,0916108119,893
7,Ed Brekke,0418667584,850
8,Benjamin Stroman,0482128399,357
9,Arnold Collins I,0657812187,830
10,Roxanne Sanford,0963527232,708
11,Ben Gibson,0183993378,965
12,Edna Ward,0617824116,521
13,Maggie Hessel,0376750246,391
14,Sue Labadie,0517596982,518
15,Sarah Kuvalis,0163186701,479
16,Corey Mitchell,0532289049,283
17,Miriam Deckow,0927882536,200
18,Dr. Harvey Rosenbaum Sr.,0999840041,152
19,Isabel O'Hara,0000952918,193
20,Garrett Jones,0555689824,252
21,Sammy Orn-Collins,0077965680,791
22,Gene Kshlerin,0993304348,359
23,Dawn Lubowitz,1-315-462-9357,576
24,Vicky O'Reilly,0822305815,449
25,Thomas Simonis,0855306987,870
26,Juan Rogahn III,0441969446,71
27,Crystal Swaniawski DVM,901.722.0045,371
28,Cory Corwin,0189063218,842
29,Mr. Clint Fahey-Simonis,0663981143,950
30,Traci Schamberger DVM,0891031354,292
31,Jan Bailey DDS,0331659724,533
32,Dr. Nick Glover,0222433986,458
33,Bruce Kemmer,0188371719,781
34,Fernando Raynor-Predovic,0725809107,61
35,Fannie Wuckert,0923632077,818
36,Mr. Carlton Pouros-Mayer,0325680562,967
37,Mr. Colin Green,0232503829,309
38,Andrea Windler,0745218746,212
39,George Ryan,0912545176,257
40,Carmen Harber,0470517938,932
41,Vivian Ledner,0720087653,466
42,Tina Shields,0191215833,237
43,Dr. David Balistreri,0569300887,906
44,Leonard MacGyver,0014739080,886
45,Janis Fahey,0832193222,75
46,Alison Heaney,0318843354,211
47,Gail Swift,0239754422,492
48,Fredrick Koch,0247389690,468
49,Angelo Kulas,0339863331,610
50,Dr. David Brekke,0242632495,92
51,Chad Swift Jr.,0202395259,494
52,Laura Ullrich,0869044634,113
53,Bradford Leffler,0172829713,274
54,Wanda Hodkiewicz,0179447604,398
55,Dr. Dominic Dietrich,0557778804,210
56,Ellis Nikolaus,0870898776,496
57,Miss Tanya Champlin,0352628493,748
58,Elmer Marquardt,0743803182,303
59,Betsy Jones,0287864725,213
60,Eugene Gottlieb,0090342404,72
61,Opal Reinger,0616890148,32
62,Tanya Sporer DDS,0239035818,20
63,Lisa Pollich,0033164382,304
64,Brandi Hodkiewicz III,0666618593,255
65,Rosemarie Powlowski,0850273247,861
66,Lester Jaskolski,0473381197,852
67,Brett Dare,0331382932,37
68,Sabrina Grady,0277755747,109
69,Guadalupe Wisoky,0753048565,533
70,Alan Bradtke,0768689095,396
71,Miss Mattie Hodkiewicz DVM,0554609899,355
72,Hilda West,0032893160,316
73,Clyde Heathcote,0277599387,43
74,Mack Powlowski Sr.,0058250719,661
75,Lillian Bradtke,0547305349,767
76,Daniel Jenkins-Marks,0769659842,770
77,Joanna Abshire,0835514532,74
78,Nicholas Treutel,0166154724,24
79,James Cassin,0534976665,376
80,Samuel Schaden,0050787284,283
81,Alma Littel,0614612283,743
82,Myron Kuvalis,0198631645,814
83,Harriet Brekke,438.588.4260,1000
84,Juanita Jacobson,0699799049,0
85,Shawn Sauer,0695227996,572
86,Neal Gutmann,0700141316,901
87,Jerome Wolff,0084811690,864
88,Helen White,0198791945,782
89,Alexandra Spinka,0331924608,746
90,Ben Huels,0182113345,605
91,Rachael O'Keefe-Renner,0857474674,471
92,Miranda Crooks,0791135683,781
93,Willie Swaniawski,0810449488,31
94,Floyd Murphy,0428227163,217
95,Sheri Cummings,0869723601,931
96,Bernadette Jaskolski,0088464193,171
97,Courtney Cummings,0454385439,109
98,Willie Rempel,0922213383,807
99,Lois Hayes,0090911624,20
100,Toni Schmidt,0568892072,594
101,Erick Little,0637138194,889
102,Wanda Heaney Jr.,0337102428,972
103,Casey Yost,0839463956,82
104,Clarence Hilll MD,0314565759,23
105,Delores Prohaska,0678550951,461
106,Brian Shanahan,0911686182,25
107,Terrell Jast,(794) 855-2799 x79378,239
108,Raquel Sipes,0855210445,252
109,Mr. Raul Hartmann,0149944052,322
110,Jackie Treutel,0757144679,691
111,Donna Champlin,0320860036,199
112,Pedro Witting,0011685513,973
113,Jessie Kuhn,0221112571,542
114,Jenny Douglas,0538767917,558
115,Mr. David Rath,0037193838,986
116,Manuel Legros,0953347013,951
117,Mr. Andres Swift,0129394900,237
118,Dr. Dale Harvey,0457449117,996
119,Harriet Kling,0847572073,74
120,Jesus Simonis,0030063592,142
121,Ms. Donna Casper,0360987270,176
122,Ramon Abshire,0123908205,714
123,Todd Boehm,0000498805,540
124,Eloise Nicolas,0474394285,24
125,Javier Kessler,0492420164,504
126,Heidi Hettinger,0755952778,512
127,Roberto Price MD,0138678845,594
128,Anita Kovacek-Kemmer,0653905527,262
129,Orville Ebert,0217595903,950
130,Brent Haley,0433924616,72
131,Loretta Becker,0033774563,462
132,Dennis Mitchell,0685080926,480
133,Della Barrows DVM,0496178362,221
134,Dixie Bergnaum,0922112148,961
135,Hazel Mante,0610220306,501
136,Dr. Clinton Dach,0112769843,14
137,Nadine Langosh,0857612786,753
138,Latoya Erdman MD,0709059062,725
139,Andre Gottlieb,0540028686,973
140,Anna Gerlach,0976991490,549
141,Sophia Hahn,0796342816,216
142,Kenneth Lindgren,0369824568,317
143,Caroline Zieme Sr.,0725512550,823
144,Katrina Klein,0673710054,688
145,Kathleen McKenzie,0731275669,689
146,Sean Sipes-Kirlin,0530489782,275
147,Dana Smith,0455559011,559
148,Angela Terry,0933023114,195
149,Wilson Dibbert,0016198648,238
150,Randal Stark,0783455129,331
151,Gerald Wintheiser,0404298766,556
152,Tonya Konopelski,0671542343,946
153,Irene Toy,0273287786,565
154,Mr. Daniel Lebsack,0318744651,570
155,Dave White DVM,0161349067,776
156,Stewart Schroeder,0551475597,437
157,Shaun Heller,0824227279,381
158,Keith Cummerata,0100036273,851
159,Harriet Stamm,0262727017,128
160,Deborah MacGyver,0035538254,166
161,Ethel Wilderman,0640700484,90
162,Dana Pollich,0159006381,325
163,Gregg Cormier,0193909213,813
164,Margaret Morar,0427751373,800
165,Kendra Gleason,0941351490,667
166,Annette Lueilwitz,0385757565,489
167,Doug Barrows,0198535750,266
168,Ashley Roob Jr.,0635877156,656
169,Roger Morar,0912438106,377
170,Sandra Beatty,0070734917,700
171,Luke Mayert,0961050552,172
172,Anthony Bogisich,0570095917,329
173,Margarita O'Reilly,0687678326,173
174,Mr. Sylvester Cronin-Zemlak,0435611620,955
175,Louis Hamill,0523859022,588
176,Nina Hackett II,0327338977,492
177,Amber Luettgen-Bechtelar,0050870403,313
178,Elena Christiansen,0243574742,620
179,Orville Hand,0600858204,227
180,Regina Howell,0333288648,252
181,Dr. Percy Trantow,0007440844,246
182,Sharon Mante PhD,0827351938,692
183,Ralph Kreiger,0820564134,661
184,Marcus Rau,0929188778,688
185,Dan Boyer,0098311748,622
186,Ignacio Bartell,0929034757,984
187,Brandon Altenwerth,0203702609,566
188,Paul Wilkinson,0586978263,58
189,Lewis Swaniawski,0654557093,972
190,Rebecca Kuhn IV,0938416241,337
191,Danny Jaskolski V,0705626088,490
192,Rosa Baumbach,0524087875,885
193,Jamie Moore,0221373880,971
194,Jean Quigley,0606333598,651
195,Jenna Hermiston PhD,0513239817,760
196,Mr. Kurt Brown,0901621720,186
197,Ethel Abbott,0411398543,341
198,Hugh Hahn I,0301086594,868
199,Melissa Herman,0763383829,518
200,Kayla Hintz,0405100085,343
201,Matt Deckow,0593802447,370
202,Tom Moen,0920317304,921
203,Judy Stroman,0474885746,439
204,Laurence Schuppe,0851762665,364
205,Iris Gerlach,0529735772,128
206,Ms. Lila Volkman,0908903650,646
207,Nathaniel Mitchell,0983671932,459
208,Mr. Bryant Bayer,0290840536,169
209,Irene Mayer,0142579701,311
210,Eunice Turner V,0991198133,351
211,Roman Schultz V,0414993389,887
212,Michael Gusikowski,0411320272,211
213,Beatrice Von,0841167368,655
214,Miss Hope Kiehn,0972155915,217
215,Ian Schimmel-Ledner,0432511807,621
216,Vickie VonRueden,0896439993,341
217,Marta Rutherford,0211231946,408
218,Terrell Hickle,0969030791,292
219,Hilda Stamm,0533133918,943
220,Alonzo Strosin,0994090185,132
221,Norma Wisozk,0179398661,452
222,Amy Franey,0567914522,467
223,Duane Monahan,0909843332,174
224,Elbert Bogisich,0558674348,607
225,Jasmine Connelly,0524275818,575
226,Mrs. Verna Ondricka I,0463036292,630
227,Rosie Goldner,0583087506,45
228,Colin Roob,0563438358,181
229,Jessie Renner,0725345043,656
230,Gordon Harvey,0938834843,195
231,Margarita Hammes,0649360181,821
232,Brad Breitenberg III,0898975169,904
233,Doug Daugherty II,0525325118,801
234,Jeannette Purdy,0040927485,821
235,Preston Bernhard Jr.,0296109782,453
236,Lindsay Kovacek,840-203-4583 x277,662
237,Violet Smith DDS,0956492849,164
238,Brad Kuphal,0557809228,347
239,Alexandra Botsford IV,0088790426,846
240,Dr. Sherri Feeney,0767972674,127
241,Erma Padberg I,0501074844,198
242,Geoffrey Hamill I,0758507416,36
243,Jacqueline Williamson,0329541323,427
244,Anita Hoeger,0813753766,554
245,Travis Hartmann,0659190912,431
246,Otis Purdy,0312389996,302
247,Joseph Barton,0943818694,110
248,Sarah Stamm,0767688760,366
249,Dianna Bechtelar,0091136992,774
250,Brandi Hamill-Paucek,0699330254,224
251,Josefina Watsica,0595411624,549
252,Doris Conroy,0735459383,290
253,Joanna Bergstrom DDS,0638430640,301
254,Allison Barrows,0218710434,950
255,Dr. Bonnie Mueller,0474559890,615
256,Tyler West,0500766558,528
257,Forrest Bartell,0945614078,449
258,Dora Bosco,0517083959,554
259,Gustavo Bogan,0355925370,392
260,Trevor Olson,0019336776,7
261,Eula Reichel,0771063747,285
262,Greg Lehner,0721179313,598
263,Wayne Johnson DDS,0929726389,288
264,Ms. Lynette Kemmer,0302308866,956
265,Jackie Brekke,0595793611,322
266,Guillermo Graham,0972843549,103
267,Hilda Tromp,0855988390,780
268,Candice Rau,0658978271,259
269,Becky Senger,0487344771,88
270,Mrs. Melody McCullough,0326957518,777
271,Dr. Jeanette Mitchell,0365423524,323
272,Mitchell Watsica,243.236.5946 x603,293
273,Olga Farrell V,0337337810,258
274,Allison Kautzer,0650540591,823
275,Sidney Nikolaus,0973004507,694
276,Lela Bayer,0376569802,739
277,Laura Klein IV,0025009792,442
278,Abel Fritsch,0796587840,850
279,Gilberto Aufderhar,0706894002,924
280,Mr. Morris Ankunding DVM,0193049444,997
281,Kelli Corwin,0834444299,684
282,Cameron Mante,0587255349,477
283,Mr. Grant Wolff,0780076076,709
284,Tiffany Huel,0797619119,158
285,Jesus Lakin,0645754092,561
286,Tommie Stracke,0776767309,113
287,Mrs. Nichole Lind,0370278608,184
288,Laverne Gerlach-Klein,0326315037,930
289,Theodore Hahn Jr.,0459327782,10
290,Sophie Conroy,0562038117,749
291,Luke Farrell,0555850186,985
292,Rolando Yundt,0157298884,233
293,Al Schowalter,0030220581,172
294,Tiffany Gleichner,0376141488,767
295,Essie Smith,0514729867,46
296,Jan McCullough,0709118094,896
297,Orville Raynor,0075623087,918
298,Heather Armstrong,0413503695,844
299,Michael Towne,0859403059,96
300,Eula Nienow,0084115121,361
301,Elsa Schaefer,0384179495,926
302,Kerry Fay,0620744816,650
303,Jessie Rodriguez,0203305333,560
304,Teri Tromp,0878455607,706
305,Beth Bechtelar,0986039363,926
306,Amos Schaefer,0608326070,118
307,Stacy Beatty,0308427931,100
308,Sophia Von-Ortiz,0352813858,981
309,Charlene Kassulke,0386307282,543
310,Hattie Block,0279445906,239
311,Leigh Cartwright,0759188875,773
312,Kristi Corkery,0579077953,645
313,Ana Kulas,0081405533,518
314,Derrick Cummings-Gleason III,0852729663,232
315,Bruce Christiansen,0463649566,790
316,Jana Medhurst,0979719271,879
317,Glenn Gutmann,0731813876,288
318,Carlton Lindgren,0728738275,753
319,Willie Gerhold Sr.,0648678348,567
320,Zachary Lindgren,0160447124,353
321,Mr. Sam Lindgren,0630947499,189
322,Jacqueline Crooks-Funk,0199405471,601
323,Maxine Morissette,0235885849,839
324,Antonia Ryan Jr.,0962449455,183
325,Amanda Auer,0244074282,192
326,Walter Kreiger,0822384750,435
327,Jeffrey Keebler,0581887434,831
328,Wilfred Lemke,0758686511,901
329,Jeannette Murphy,0620602311,307
330,Harriet Runolfsson-Lemke Sr.,0199107319,368
331,Ms. Juana Cremin,0262490258,934
332,Leslie Conroy,0349883259,209
333,Stephanie Macejkovic,0596715438,497
334,Tina Nitzsche,0439995228,944
335,Rodolfo McDermott II,0602539362,389
336,Rosemary Bashirian,0156133806,153
337,Courtney Walker,0060775658,185
338,Billie Bruen,0921506485,980
339,Hector McGlynn,0740110594,765
340,Melvin Batz,0538581898,612
341,Minnie Lockman,0865796645,972
342,Mrs. Samantha O'Hara,0355671904,678
343,Dawn Jaskolski,0646714481,97
344,Daryl Sporer,0988806286,385
345,Carlton Green,0232958681,263
346,Evan Goldner,0625668360,758
347,Josefina Streich,0371719575,337
348,Miss Beatrice Luettgen Sr.,0596148031,860
349,Neil Lowe,0521195669,583
350,Claire Berge,0946246376,811
351,Andrea Brown,0422069383,566
352,Lynette Rice,0472448257,71
353,Judy Cormier,0580117587,120
354,Dr. Walter Bode,0891933440,447
355,Peggy Mosciski,0529719819,75
356,Sylvia Feest III,0135348038,801
357,Benjamin Veum,0722791643,739
358,Isabel Quitzon,0813822430,862
359,Dolores Braun-Blanda MD,0437434360,218
360,Carolyn Lowe-Becker,0712795924,713
361,Dr. Harry Tromp,0150895484,61
362,Marco Herman,751.975.5986 x642,295
363,Johnnie Rath Jr.,0506730960,405
364,Abraham Hilll,0140374717,370
365,Jack Bernier III,0173156985,182
366,Johanna Rath,0251418950,258
367,Rosalie Quitzon,0955346651,265
368,Ida Rogahn,0973850549,807
369,Marjorie Quitzon,0228609063,916
370,Matthew Turcotte,0447739212,880
371,Leroy Collins,0894640307,647
372,Mrs. Shelly Schneider,0414925100,198
373,Gladys Rippin,0500014599,83
374,Priscilla Schaefer,0872028886,970
375,Isabel Tremblay,0147958181,328
376,Heather Greenfelder,0951870508,865
377,Sara Howell,0928947231,190
378,Yolanda Maggio,0099126797,598
379,Arthur Reichel,0949738616,842
380,Catherine Langworth,0614346273,560
381,Danielle Fritsch,0278712643,435
382,Ellen Hodkiewicz,0442461663,105
383,Leonard Leannon,0189188954,280
384,Jack Lesch,0668899294,470
385,Travis Shanahan,0012124365,145
386,Essie Mann-Green,0303220368,986
387,Marc Frami,0130258031,36
388,Troy Feeney,892-858-1002 x900,216
389,Mr. Travis Heller PhD,0976283549,960
390,Melvin Pfeffer,0844653231,773
391,Nettie Braun Sr.,0367792644,113
392,Erin Zieme,0312265446,653
393,Lisa Ortiz,0529367858,787
394,Evelyn Block-Murazik,0006077993,105
395,Jimmy Weissnat,0670167810,676
396,Meredith Walker,0669856267,660
397,Jeannie Roberts,0852910077,6
398,Elizabeth Fay,0772544537,185
399,Cody Christiansen,0768100247,60
400,Peter Christiansen II,0730822207,434
401,Claude Robel,0776005668,536
402,Gilberto Yost DVM,0120004253,15
403,Dianne Beer,0889641768,409
404,Rickey Gulgowski,0088097758,695
405,Sarah Schmitt,0453414656,769
406,Dr. Edmond Bashirian,914-668-3516 x0068,495
407,Jake Harber,0044316337,121
408,Sheila Runolfsdottir,0937999537,116
409,Kristin Lind,0103776038,658
410,Eduardo Davis,0537129994,688
411,Shaun Schaefer,0777830635,388
412,Frances Gerlach,0013526025,582
413,Garry Daniel,0321851002,506
414,Suzanne Collier,0377481069,534
415,Dr. Elsa Nolan,0866651887,468
416,Leland Lakin Sr.,0082460782,958
417,Preston Bergnaum,0818366586,599
418,Miss Kathy Walsh,0322482685,203
419,Vanessa Bednar IV,0814623252,41
420,Dr. Rochelle Bashirian,0633690550,228
421,Rex Lindgren Sr.,0747295312,746
422,Jesse Johns,0021216601,925
423,Harvey Barton,1-402-776-0461 x7409,713
424,Dwight Lemke,0156404152,787
425,Laurie King,0191343200,182
426,Rochelle Schuppe,0374139669,941
427,Lester Swaniawski,0444624775,457
428,Marilyn Weber,0438868781,262
429,Tabitha Moen,0981072655,67
430,Camille Hartmann,0240357221,1000
431,Boyd Sipes,0317252109,260
432,Henrietta Feil-Walker,0606790534,249
433,Clarence Walker,0624275730,174
434,Neal Mitchell Sr.,0816550598,61
435,Tara Koelpin,0529272977,295
436,Shane Mertz,0208269733,719
437,Mr. Winston Weissnat,0429750332,433
438,Isabel Schiller,0291511312,856
439,Leo Ratke,0371992788,583
440,Janet Schneider,0529309730,431
441,Mr. Homer Harber,0992024123,333
442,Otis O'Reilly Jr.,0114093910,103
443,Claudia Dibbert,0161748359,195
444,Francis Senger,0386141935,735
445,Dr. Martin Yundt,0713200376,605
446,Dexter Homenick,0911176622,42
447,Shelly Schmeler,0933305700,353
448,Jeanette Klein,0308438999,635
449,Lorena Krajcik,0681502644,273
450,Stacey Tremblay,0774499827,117
451,Angelina Wyman,0425217350,714
452,Dennis Rath-Reichel DVM,0703522033,949
453,Linda Davis,0279799602,116
454,Judith Franey,0440170994,756
455,Jill Smith,0734910627,870
456,Miss Debra Ernser,0397190205,668
457,Peter Casper,0911494521,342
458,Dr. Leslie Hodkiewicz DVM,0066132370,957
459,Benny Yost,0207329208,34
460,Casey Bins PhD,0130771249,627
461,Janis Fadel-Marks,0754527999,977
462,Greg Denesik,0784243866,807
463,Roland Hayes,0622896675,193
464,Gregory Swift DDS,0336828640,588
465,Kenneth Blick,0247199884,732
466,Harry Parker,0636817969,760
467,Martha Nikolaus V,0095933273,290
468,Jose Schuster,0458494815,753
469,Gina Ondricka,0474001444,504
470,Adrian Pouros-Spinka,0481147621,867
471,Susan Marks,0253523439,410
472,Helen Bednar,0226312283,764
473,Elisa Gottlieb Jr.,0962787044,411
474,Sylvester Quigley,0071052057,767
475,Jody Hermiston II,0808134868,988
476,Norma Hoeger,0641291380,337
477,Bernadette Corkery,0677888299,516
478,Antonio Lesch,0904016346,269
479,Jesse Sipes,0252617377,416
480,Antonia Schultz,0561980003,687
481,Gary Mayert,0067117747,364
482,Leona Greenfelder-Smitham,0968468794,198
483,Lindsay Grimes,0005017138,986
484,Heather Bashirian,0825881256,385
485,Mr. Herbert D'Amore,0993173698,488
486,Lena Bernier Sr.,0349616201,738
487,Ricardo Larkin,0670985817,904
488,Holly Becker,0232472265,460
489,Lindsey Nienow,0277665157,619
490,Luis Kub III,0589693420,558
491,Amos Effertz PhD,0802952938,163
492,Sidney Barrows DVM,0976838054,308
493,Jeannie Volkman,0769456813,554
494,Lorena Crona,0191715209,457
495,Felix Cummerata,0508310435,342
496,Nancy Greenfelder,0605003385,112
497,Roxanne Mann I,0354180176,62
498,Barry O'Keefe,0453181849,848
499,Gwendolyn Kilback,0225549664,559
500,Oliver Little,0587387901,130
501,Dr. Lola Rempel,0605962265,247
502,Colleen Zieme,0794723104,243
503,Clyde Donnelly,0007169489,331
504,Wilbur Collins MD,0682913878,851
505,Thelma Brakus,0845150389,330
506,Tommie Murazik,0248328410,730
507,Damon Cummings,0991089269,964
508,Megan Kuhic DDS,0852707496,172
509,Ms. Rita O'Connell-Moore,0788780873,311
510,Ken Walker,0117412462,201
511,Gordon Rempel-McKenzie,0192924811,497
512,Edmund Ernser,0551387697,533
513,Ms. Eileen McKenzie,0055740909,922
514,Regina Douglas,0423831271,490
515,Dixie Rodriguez,0578117272,798
516,Roman Maggio,0413351094,413
517,Wanda Nitzsche PhD,0878402716,959
518,Trevor Gleichner,0648636588,50
519,Micheal Walter,0778501506,494
520,Ms. Essie Hammes,0612749086,498
521,Denise Blanda DVM,0186309272,723
522,Larry Waters,0230691497,450
523,Caroline Mills,0992707820,666
524,Felix Monahan PhD,0461325321,24
525,Gerard McDermott,0964817444,511
526,Mr. Leland Moore,0407220151,531
527,Terence Lind,0001018771,148
528,Diane Balistreri,0392861211,792
529,Angelica Cole,0531263595,514
530,Ms. Kathy Nicolas,0933751566,679
531,Eloise D'Amore,0422119751,414
532,Brendan Beier,0955381537,993
533,Dennis Kovacek,0106194688,572
534,Jacqueline Gutmann,0496169128,622
535,Alison Fisher,896-734-3759 x4952,312
536,Mrs. Melissa Bernhard,0697801776,116
537,Jose Torphy PhD,0405973804,909
538,Jerald Toy,0229058184,821
539,Margie Bosco,0506364224,281
540,Ellen Price,0773114240,487
541,Kristopher VonRueden MD,0327070288,609
542,Sophia Farrell,0573624524,36
543,Deanna Rice,0784438027,817
544,Brad Nolan,0062877814,454
545,Colin Wyman,0612246481,251
546,Viola Cormier,0498074730,152
547,Mr. Darin Mann I,0818866256,517
548,Yvonne Towne,0214077043,688
549,Eric Hackett,396-643-1314 x5797,896
550,Dr. Hope O'Reilly,0794504685,386
551,Kimberly Hegmann,0438650647,345
552,Alonzo Davis,0870150642,320
553,Amos Ortiz,0785050542,331
554,Jamie Kerluke,0478581931,706
555,Marlene Shanahan IV,0221236407,580
556,Patrick Kub,0419587574,101
557,Edmund Hartmann,0876679656,480
558,Dan Thiel,0614496256,972
559,Bill Sauer,0694397386,106
560,Winston Schuster-Reichel,0810322228,485
561,Harriet Hoeger,0328648163,275
562,Katie Kuhn,0794653839,602
563,Adam Rosenbaum I,0891168401,710
564,Andre Quitzon-Moore,0796146794,516
565,Dr. Marc Kozey Jr.,0637581338,161
566,Hilda Funk,0231605369,343
567,Willie Hamill II,0889721301,306
568,Jessie Trantow,0716836905,409
569,Herman Herzog Sr.,0135904462,769
570,Blanca Yost-Koss,0409431685,234
571,Jesus O'Conner,0847398033,8
572,Vicky Jacobi,0828098886,674
573,Marty O'Conner,0752688592,996
574,Alan Bosco,0392847736,789
575,Roxanne Spinka,0378912945,55
576,Toby Will,0085027853,711
577,Erik Crist,0997856655,477
578,Walter Berge,0521141246,357
579,Dr. Dallas Effertz II,0137635641,59
580,Lauren Bosco,0277392200,483
581,Mr. Ronald Kirlin,0624185632,331
582,Ms. Vicky Halvorson,0170074919,605
583,Dave Kulas,0779075107,491
584,Dana Cormier,0273346473,16
585,Vicky Stehr,0438667358,293
586,Joey Walsh PhD,0361765601,283
587,Neal Lakin,0675191496,674
588,Mrs. Susie Dickinson,0842275235,214
589,Mrs. Kate McLaughlin,0099952741,384
590,Elaine Reichert,0053431298,282
591,Jan Beer,0612734591,2
592,Lucas McCullough,0280066430,568
593,Angela Thompson,0740777235,898
594,Lynn Medhurst,0375274997,939
595,Clint Schulist,0028420753,86
596,Clint Terry DDS,0591983580,513
597,Virgil Ziemann,0415868470,128
598,Angela Hahn,521-280-4981 x62372,834
599,Adrian Lebsack,0419162704,731
600,Mable Jones,0440744758,508
601,Philip Legros,0822460522,631
602,Mr. Bruce Paucek,0626808093,83
603,Alicia Quitzon,0919439987,629
604,Francisco Glover,0403985135,733
605,June Bradtke III,0210188199,386
606,Krista Grant,0208890584,147
607,Bridget Satterfield,0896300164,228
608,Jonathon Considine,0370482868,54
609,Christine Franey,0864545729,38
610,May Friesen,0849585674,183
611,Kellie Hodkiewicz,0216574270,918
612,Freddie Koss III,0894124375,958
613,Mrs. Lila Johnston,0356905086,881
614,Sheldon Hudson,0082502359,261
615,Jamie Emmerich,0612795261,491
616,Harvey Bernhard,0189614649,431
617,Wallace Cassin,0311864762,159
618,Benny Ruecker,0401181832,399
619,Lorena Paucek,0849591857,675
620,Maureen Kassulke,0229923201,587
621,Alex Farrell DDS,0232457154,115
622,Robin Gerlach,0617061886,168
623,Ian Purdy I,0595385405,488
624,Jan Ledner,0117282176,734
625,Terry Effertz,0949423844,195
626,Clifford Schmidt,0833801945,146
627,Ms. Edna Wolff,0859067861,596
628,Sadie McCullough,0497920733,32
629,Saul Kohler,0013174446,218
630,Shannon Vandervort,0496143866,129
631,Mattie Mante,0355555913,724
632,Isaac Ankunding,0506831844,168
633,Andy Hand DDS,0558017718,913
634,Angela Dach-Abernathy,0071981792,937
635,Edmund Kub,0008917346,130
636,Pearl Hessel,356.358.5200 x282,579
637,Carmen Stroman,0535290877,584
638,Sheila Klocko,0107471000,656
639,Antonia Rice III,0526888881,141
640,Donald Kerluke V,0106301024,719
641,Alexis Balistreri,0488622847,709
642,Olga Flatley,0750779570,845
643,Johnathan Hoeger,0181052756,1
644,Mr. Malcolm Franecki,0609457191,297
645,Lionel Pagac,0622055347,413
646,Miss Karla Heidenreich,0624059525,760
647,Rex Stokes III,0829814368,835
648,Susan Kessler-Langosh Jr.,0507348230,872
649,Freddie Waelchi,0875832442,687
650,Johnnie Hansen-Greenholt,0741016501,359
651,Erik Smith,0852262765,780
652,Lawrence Schroeder,0951369259,304
653,Angela Schoen PhD,0374390223,285
654,Sarah Ledner,0159647537,852
655,Andy Sporer,0049991836,696
656,Beulah Nicolas,0005620618,250
657,Marlene Gerlach,0246441605,672
658,Elisa Greenholt,0077056165,154
659,Victor Roob,0306162603,365
660,Margarita Durgan,0781047701,89
661,Katie Hamill,0729476949,286
662,Dr. Robin Nienow,0457302835,348
663,Joy King,0909389606,209
664,Mrs. Elsie Labadie,0246910318,904
665,Ray Schumm,0782054525,237
666,Miss Thelma Bogisich,0967530428,904
667,Diane Rosenbaum,0238621057,664
668,Guy Bergstrom,0278919716,907
669,Belinda Ratke DDS,0732110954,234
670,Matthew Stehr,0606838565,880
671,Brent Baumbach,0745207943,880
672,Michelle Schuster,0605411259,136
673,Juan Becker,0142221156,715
674,Lucille Hilll,0644655247,198
675,Marlene Lindgren V,0410688955,204
676,Kristi Connelly,0717452935,445
677,Monica Wiza,0223497161,397
678,Lindsay Marks,0755850749,523
679,Felix Ward,0814676615,376
680,Gretchen Altenwerth,0235614822,366
681,Roger Mitchell,0735255831,448
682,Jo Johns,0014386162,358
683,Miss Mabel Zieme,0909957176,953
684,Jonathon Block,0721786716,879
685,Velma Kuvalis,0575982118,193
686,Saul Jaskolski,0485270988,17
687,Geoffrey Bashirian,0515449159,336
688,Dixie Kovacek,0345419922,126
689,Shawn Torphy,0628317472,773
690,Barbara McClure MD,0277128162,940
691,Virginia Franey,0380469633,544
692,Miss Nellie Ratke,0955501841,319
693,Ricky Metz,0260147598,117
694,Mr. Glenn Mraz Sr.,0378320241,666
695,Ben Swaniawski,0775407815,653
696,Douglas Collins,0731398161,291
697,Jeanne Muller,0315008002,287
698,Jorge Mitchell,0327275903,703
699,Renee Bradtke,0365800230,697
700,Robin Smith,0791095077,942
701,Erica Williamson,0054264032,321
702,Rita Klocko,0877911228,565
703,Dale Nitzsche,0358126223,990
704,Crystal Crist,0190219262,83
705,Jody Klocko,0308932888,822
706,Gerard McClure,0326374693,135
707,Minnie Gerhold,0862449236,58
708,Mike Lockman,0415255141,311
709,Wanda Hane,0288183090,122
710,Sara Prosacco,0791573068,272
711,Susan Krajcik,0063488415,26
712,Maryann Bernier,0025320119,276
713,Nicolas Borer,0946729707,43
714,Wesley Roob,0774981349,410
715,Tricia Bartell Jr.,0438934404,853
716,Dolores Jaskolski,0957877440,668
717,Raquel Weber,0596539428,537
718,Dr. Andre Hessel,0197558760,113
719,Lindsay Zboncak,0390703068,400
720,Ira Renner,0327790872,966
721,Noel Marks,(462) 334-7030 x0812,852
722,Dr. Grant Nitzsche,0106485559,676
723,Bobbie Rosenbaum,0910746377,810
724,Margie Windler,0651353241,7
725,Laurie Donnelly,0650885585,78
726,Mr. Terrence Reinger,0601033074,853
727,Joy Fay,0254222586,514
728,Austin Cole,0799799553,2
729,Mack Hansen,0099878453,164
730,Miranda Lang,0062041675,624
731,Misty Prohaska,0971305367,49
732,Lillie Nader,0829939128,300
733,Elisa Wisoky,0063752312,943
734,Miss Jeannette Carter,0851665175,870
735,Kellie Marquardt Sr.,0623379179,753
736,Bessie Ebert,0886607211,748
737,Freda Runte,0216127452,90
738,Mark Klein,0419815927,575
739,Bradford Gusikowski,0187194078,891
740,Howard Keebler,0480469201,521
741,Brooke Becker,0491986184,469
742,Alexis Cassin,0628166210,310
743,Alan Farrell,0305901320,319
744,Andrew Flatley,0721444722,828
745,Mrs. Vivian Jacobs,0450866695,806
746,Clint Schroeder,0763287523,305
747,Johnnie Pollich,0983060063,626
748,Mrs. Eunice Upton,0209431158,734
749,Vickie Kreiger,0344474572,40
750,Spencer Krajcik,0833593552,925
751,Lois Hills,0387243774,333
752,Mrs. Ruth Bergnaum IV,0479130739,118
753,Justin Nader III,0338103307,580
754,Kristi O'Reilly,0877506152,93
755,Edith Turner II,0091537792,685
756,Beatrice Conroy,0890426631,774
757,Doris Hayes,0180788260,815
758,Ms. Loretta Bauch,0985818129,318
759,Kyle Parker,0169139327,773
760,Dora Schmidt II,0735480928,140
761,Daryl Walker III,0243963560,177
762,Claudia Mayer,0321008991,567
763,Tammy Hammes,0884271142,218
764,Lloyd Hegmann,0103313500,863
765,Nathan Haag,0906589935,66
766,Jay Schaefer,0567454824,224
767,Denise Mills,0908714598,411
768,Robyn Weber,0126471839,165
769,Dolores Dietrich PhD,0010590533,544
770,Raul Carter I,0661043855,510
771,Pat Wuckert,0365969660,40
772,Mrs. Cecilia Zulauf,0036455063,225
773,Mr. Arthur Waelchi,0305382234,773
774,Stephanie Mosciski,0488620427,968
775,Dr. Andre Williamson,0997008311,160
776,Dr. Dolores Ebert DDS,0450889881,898
777,Claudia Considine,0596684978,931
778,Martin Nienow,0657915435,836
779,Emilio Stehr,0840565149,304
780,Leroy Braun DVM,0568939996,623
781,Kristopher Blanda,0101597899,959
782,Miss Stephanie Walter,0675048373,666
783,Audrey Huel,0156261459,180
784,Dr. Jared Stoltenberg,0535490582,869
785,Dianna Gislason,0678879830,864
786,Melvin Feest Sr.,0122180806,969
787,Christine Schuster,0060832491,231
788,Debra O'Connell,0471221817,942
789,Tricia Gorczany,0354262967,672
790,Randal Crona,0242591179,587
791,Mr. Bradley Bode,0324063858,585
792,Tyrone Keebler,0432408885,403
793,Allan Windler,0030680508,394
794,Regina Heidenreich,0984461127,909
795,Roberto Paucek,0676447707,734
796,Myron McLaughlin,0234903167,257
797,Ted Schimmel Sr.,0233464307,799
798,Kendra Konopelski IV,0103279571,31
799,Julia Boehm,0036965920,237
800,Morris Kuhic,0360018934,52
801,Betsy Walter,0909542767,632
802,Paula Dach,0698995658,751
803,Mrs. Leslie Dicki DVM,0369227630,638
804,Leon Bartoletti,0443519123,742
805,Kayla Crooks,0226708204,618
806,Willie Ferry,0946913420,311
807,Jose Emmerich,0873032175,906
808,Kristen Jast,0334207226,533
809,Jackie Ziemann,0703750317,598
810,Mae Monahan,0269376348,161
811,Dr. Jessie Howe,0426449467,122
812,Arturo Zulauf DDS,0679599416,972
813,Nick Schoen I,0036147943,165
814,Raul Little,0127540997,764
815,Melinda Orn,202-759-8803 x1478,943
816,Alberta Rosenbaum,0872074098,956
817,Charlotte Hirthe PhD,0189415569,629
818,Gustavo Dickens-Huels,0144142064,755
819,Adrian Rippin,380.631.9400,389
820,Rickey Okuneva,0719048931,660
821,Beulah Hahn,0633331476,343
822,Delbert Gutkowski,0083824658,900
823,Garry Fay,0031471527,609
824,Oliver Conn II,0524103086,373
825,Clinton Kunde,0849826157,712
826,Kerry Mante V,0502151465,214
827,Jody Reinger,0960546259,942
828,Rose Wintheiser,0865863818,333
829,Lee Krajcik,0063021329,858
830,Ernesto Baumbach,0246916557,622
831,Van Bartell,0819595047,258
832,Crystal Watsica,0877140849,49
833,Terry Reynolds,0734067383,92
834,Charlotte Rippin,0264642557,464
835,Rafael Langosh,0225028400,952
836,Sharon Murphy,0138375803,154
837,Angelo Heidenreich,0398912191,101
838,May Dickinson,0971626743,20
839,Ms. Lee Pfannerstill Jr.,0372861387,472
840,Corey Steuber,0018456851,630
841,Jacquelyn Schaden,0005040006,600
842,Damon Schuppe,517-889-8550,868
843,Hope Becker,0893310206,708
844,Becky Olson,0382461797,131
845,Mr. Evan Roberts,0405060314,113
846,Miss Marie McClure,0665222275,193
847,Terrence Dach,0348249974,357
848,Ronald Osinski,0902373744,50
849,Micheal Goldner,0558531619,900
850,Dr. Manuel Green,0104358657,165
851,Rolando Ebert,0104589682,691
852,Ronnie Rolfson-Volkman,0209343157,49
853,Jenna Gleason DVM,0951301473,194
854,Levi Nolan,0653978194,168
855,Mrs. Gwen Yost-Nader,0331949856,169
856,Amy Johnson,0114586856,684
857,Grady Windler,0184359103,895
858,Dr. Glenda Ernser,0190826943,693
859,Mr. Boyd Weimann,0567319773,752
860,Mr. Ross McCullough III,0355031124,91
861,Lisa Prohaska,0978578733,477
862,Mr. Frederick Pfannerstill,922-923-8703 x70367,570
863,Miguel Kihn,0657459597,754
864,Clinton Brown,0646892026,50
865,Reginald Schneider MD,0300184669,642
866,Debbie Mitchell,0827590414,80
867,Ms. Cecelia Conroy,0449218408,491
868,Mr. Rodolfo Murray,0421649890,293
869,Tabitha Lynch,0919711171,936
870,Wesley Smith II,0107230728,977
871,Mr. Horace Rippin,0113653200,221
872,Andrew Metz,0234624928,853
873,Darin Blick,0398434612,117
874,Dr. Corey Ernser,0120608471,67
875,Alton Carroll,0756281362,243
876,Leo Maggio,0721829269,709
877,Lucille Kilback,0666904115,636
878,Jamie Collier,0719598554,475
879,Barbara Howell,0245635661,116
880,Melissa Towne,0523875210,992
881,Max Lehner,0914305606,390
882,Juana Mayer,0662979192,206
883,Dr. Kenneth Turcotte,0851539202,601
884,Rachael Jast,0458363545,843
885,Alton Vandervort,0112821604,376
886,Pete Kerluke,0219939989,331
887,Jennie Bechtelar,0686494322,772
888,Ross Murphy,0312232035,276
889,Leona Moore,(456) 707-3154 x531,134
890,Margarita Kemmer,0575312646,17
891,Pete Daniel-Ortiz,0489571199,723
892,Kenny West,0211382163,4
893,Tammy Koch,0938136796,964
894,Shawna Klein,0641278313,904
895,Johanna Mante,0657498729,557
896,Rosemarie Conn,0443254441,319
897,Ruth Stracke Jr.,598.829.1280 x34352,435
898,Pablo Mante,0289731997,194
899,Winston Johnston-Wunsch PhD,0556944083,648
900,Garry Marks,0515316764,639
901,Bethany Thiel,0579615891,190
902,Perry Littel,0205685966,323
903,Gabriel McKenzie,0769318885,837
904,Jamie Johns,0734986611,487
905,Cody Zemlak-Stamm MD,0905570867,825
906,Cameron Cartwright,0532944014,773
907,Elias Kuhic,0600174207,353
908,Josh Lang,0877190939,359
909,Deborah Yost,0712874011,84
910,Luke Rippin,0161773013,834
911,Lucia Mann,0754316119,123
912,Ms. Sandra Jacobi,0717425132,423
913,Percy Berge,0629099638,404
914,Ann Muller,0602348859,578
915,Roger Hintz,0466566592,776
916,Mack Farrell III,1-310-629-1290 x61839,634
917,Kelly Kunde,0475698398,781
918,Pauline Bailey,0380048685,784
919,Dr. Alonzo Kutch V,0187385271,914
920,Dr. Jason Jacobson,0715820960,671
921,Krista Erdman,0516152531,923
922,Arthur Frami-Bailey,0897006022,724
923,Mr. Ed Langosh,0346793436,518
924,Nora Sanford DVM,0855305977,716
925,Kay Wolff,0168283457,190
926,Sonya Beer II,0272628441,578
927,Matt Abernathy,0000760481,591
928,Yvonne Wyman,0883452978,3
929,Lindsay Rosenbaum,973-321-9703 x9383,134
930,Lyle Boyer,0070681402,657
931,Helen Jacobi,0271214477,813
932,Priscilla Veum,0168025089,107
933,Cassandra Mann,0624540595,951
934,Myra Stark,0183588588,592
935,Sam Walter DVM,0350390425,910
936,Mrs. Krystal Greenfelder,0386739300,803
937,Harriet Friesen,0817170879,620
938,Jeff Rolfson-Kovacek II,0821691720,505
939,Kari Flatley,0578646909,979
940,Bennie Keeling II,0113759686,46
941,Ms. Rhonda Smitham,0040474731,808
942,Eddie Kessler,0275658167,374
943,Marcus Boehm,0217708013,95
944,Mabel Hegmann V,0673972707,995
945,Andre Brakus,0069304714,920
946,Darren Haley,0495940817,694
947,Geraldine Brown DDS,0653469481,249
948,Kirk Toy-Schmeler,0022047411,932
949,Cecelia Lehner,0911736008,743
950,Roderick Bahringer,0460988298,73
951,Maxine Kuvalis-Johnson,0075834818,655
952,Ted Rempel,0529008576,876
953,Jasmine Tremblay,0552299156,954
954,Ms. Lora Schmidt,0990397085,726
955,Matthew Spencer,0414148494,492
956,Rhonda Konopelski-O'Hara,0157463285,198
957,Damon Smith,(526) 690-0128 x378,357
958,Earnest Zulauf,0240644940,578
959,Wilma Williamson,0241811275,117
960,Ruben Wisoky,0092117767,138
961,Megan Davis Jr.,0912566904,742
962,Dr. Glenn Moen-Rutherford,0898244895,496
963,Estelle Welch,0948769781,257
964,Tracy Casper,0374403377,892
965,Chris Heaney,0173614881,989
966,Mattie Breitenberg,0469752010,447
967,Doug O'Connell,(308) 857-2290,269
968,Ray Dickens,0045048138,484
969,Everett Yost,0397761849,50
970,Tina VonRueden,0765232382,282
971,Ray Zemlak,0753243556,527
972,Cheryl Graham,0131320405,596
973,Rachel McLaughlin-Leffler V,0979528323,882
974,Jim Hilpert,0527034530,597
975,Tyrone Collins-Ondricka,0786671761,125
976,Neal Bechtelar,0915585319,181
977,Lorena Reichel,0708444419,85
978,Dr. Richard Bosco,0909535784,704
979,Eula Bogisich,0651780702,810
980,Spencer Lemke,0144415293,607
981,Wilma Lowe,0660087550,281
982,Mr. Roberto Klocko,0530813358,939
983,Billy Bauch,0286460021,35
984,Drew Johnston,0470639107,339
985,Johnnie Gutkowski,0666850358,800
986,Grady Walter,0211841325,817
987,Esther White,0441775651,463
988,Grady Witting,0231582237,570
989,Bob Gottlieb,0024587186,584
990,Erick McKenzie,0766605271,165
991,Frankie Weimann,0300579979,616
992,Jennifer Pouros,0474241306,118
993,Miss Helen Kovacek,0039536571,589
994,Homer Schiller,0269346101,191
995,Miss Melissa Kunze III,0588871954,499
996,Dr. Myra Steuber,0252737640,940
997,Arthur Simonis Sr.,0270296838,707
998,Martin Towne,0969636925,908
999,Dr. Merle Dach,0299274204,569
1000,Gwen Schowalter,0483656643,563
